{"acc": 0.9677212972186465, "loss": 0.032235242413132775, "_timestamp": 1707837217.188798, "_runtime": 2.045008897781372, "_step": 7, "_wandb": {"runtime": 0}}